LegacyKey,MainIcon,Modifier1,Modifier2,ExtraIcon,FullFrame,Standard
E-F-A-----,20120100,,,,,C
E-F-AA----,20120101,,,,,C
E-F-AB----,20120102,,,,,C
E-F-AC----,20120103,,,,TRUE,C
E-F-AD----,20120104,,,,,C
E-F-AE----,20120106,,,,TRUE,C
E-F-AF----,20120107,,,,TRUE,C
E-F-AG----,20120108,,,,,C
E-F-B-----,20120200,,,,,C
E-F-BA----,20120201,,,,,C
E-F-BB----,20120202,,,,,C
E-F-BC----,20120203,,,,,C
E-F-BD----,20120205,,,,,C
E-F-BE----,20120206,,,,,C
E-F-BF----,20120207,,,,,C
E-F-C-----,20120300,,,,,C
E-F-CA----,20120301,,,,,C
E-F-CB----,20120302,,,,,C
E-F-CC----,20120303,,,,,C
E-F-CD----,20120304,,,,,C
E-F-CE----,20120305,,,,,C
E-F-CF----,20120306,,,,,C
E-F-CG----,20120307,,,,,C
E-F-CH----,20120308,,,,,C
E-F-CI----,20120309,,,,,C
E-F-CJ----,20120310,,,,,C
E-F-D-----,20120400,,,,,C
E-F-DA----,20120401,,,,,C
E-F-DB----,20120402,,,,,C
E-F-EA----,20120502,,,,,C
E-F-EB----,20120503,,,,,C
E-F-EE----,20120506,,,,,C
E-F-F-----,20120600,,,,,C
E-F-G-----,20120800,,,,,C
E-F-GA----,20120801,,,,,C
E-F-H-----,20120900,,,,,C
E-F-HA----,20120901,,,,,C
E-F-HB----,20120902,,,,,C
E-F-I-----,20121000,,,,,C
E-F-IA----,20121001,,,,,C
E-F-IB----,20121002,,,,,C
E-F-IC----,20121003,,,,,C
E-F-ID----,20121004,,,,,C
E-F-J-----,20121100,,,,,C
E-F-JA----,20121101,,,,,C
E-F-JB----,20121102,,,,,C
E-F-JC----,20121103,,,,,C
E-F-K-----,20121200,,,,,C
E-F-KB----,20121203,,,,,C
E-F-LA----,20121302,,,,,C
E-F-LD----,20121303,,,,,C
E-F-LE----,20121304,,,,,C
E-F-LF----,20121305,,,,,C
E-F-LH----,20121306,,,,,C
E-F-LJ----,20121307,,,,,C
E-F-LK----,20121308,,,,,C
E-F-LM----,20121311,,,,,C
E-F-LO----,20121312,,,,,C
E-F-LP----,20121313,,,,,C
E-F-MA----,20121401,,,,,C
E-F-MB----,20121402,,,,,C
E-F-MC----,20121403,,,,,C
E-F-MD----,20121404,,,,,C
E-F-ME----,20121405,,,,,C
E-F-MF----,20121406,,,,,C
E-F-MG----,20121407,,,,,C
E-F-MH----,20121408,,,,,C
E-F-MI----,20121409,,,,,C
E-I-A-----,40120000,,,,,C
E-I-AC----,E-I-AC----,,,,,C
E-I-B-----,40110100,,,,,C
E-I-BA----,40110201,,,,,C
E-I-BC----,40110606,,,,,C
E-I-BD----,11110400,11241,,,,C
E-I-BF----,40110400,,,,,C
E-I-C-----,40140000,,,,,C
E-I-CA----,40140300,,,,,C
E-I-CB----,40140400,,,,,C
E-I-CC----,40140100,,,,,C
E-I-CD----,40140500,,,,,C
E-I-CE----,40140600,,,,,C
E-I-CF----,40140200,,,,,C
E-I-CG----,40140700,,,,,C
E-I-CH----,40140800,,,,,C
E-I-D-----,40150100,,,,,C
E-I-DA----,40150101,,,,,C
E-I-DB----,40150102,,,,,C
E-I-DC----,40150103,,,,,C
E-I-DD----,40150104,,,,,C
E-I-DE----,40150105,,,,,C
E-I-DF----,40150106,,,,,C
E-I-DG----,40150107,,,,,C
E-I-DH----,40150108,,,,,C
E-I-DI----,40150109,,,,,C
E-I-DJ----,40150110,,,,,C
E-I-DK----,40150111,,,,,C
E-I-DL----,40150112,,,,,C
E-I-DM----,40150113,,,,,C
E-I-DN----,40150114,,,,,C
E-I-DO----,40150115,,,,,C
E-I-E-----,E-I-E-----,,,,,C
E-I-EA----,E-I-EA----,,,,,C
E-I-F-----,E-I-F-----,,,,,C
E-I-FA----,E-I-FA----,,,,,C
E-I-G-----,E-I-G-----,,,,,C
E-I-GA----,E-I-GA----,,,,,C
E-I-GB----,40160300,40031,,,,C
E-I-H-----,E-I-H-----,,,,,C
E-I-HA----,40160400,40161,,,,C
E-N-AA----,40170101,,,,,C
E-N-AB----,40170102,,,,,C
E-N-AC----,40170103,,,,,C
E-N-AD----,40170104,,,,,C
E-N-AE----,40170105,,,,,C
E-N-AG----,40170107,,,,,C
E-N-BB----,40170201,,,,,C
E-N-BC----,40170202,,,,,C
E-N-BF----,45161300,,,,,C
E-N-BM----,40170203,,,,,C
E-N-CA----,40170301,,,,,C
E-N-CB----,40170302,,,,,C
E-N-CC----,40170303,,,,,C
E-N-CD----,40170304,,,,,C
E-N-CE----,40170305,,,,,C
E-O-A-----,40131300,,,,,C
E-O-AA----,40131300,,,,,C
E-O-AB----,15201500,,,,,C
E-O-AC----,20112202,,,,,C
E-O-AD----,E-O-AD----,,,,,C
E-O-AE----,15230100,,,,,C
E-O-AF----,15201501,,,,,C
E-O-AG----,40131302,,,,,C
E-O-AJ----,40131303,,,,,C
E-O-AK----,40131304,,,,,C
E-O-AL----,40131305,,,,,C
E-O-AM----,40131306,,,,,C
E-O-B-----,40131200,,,,,C
E-O-BA----,10190000,,,,,C
E-O-BB----,15230000,,,,,C
E-O-BC----,20112200,,,,,C
E-O-BD----,40131201,,,,,C
E-O-BE----,40131203,,,,,C
E-O-BF----,40131204,,,,,C
E-O-BG----,40131205,,,,,C
E-O-BH----,40131206,,,,,C
E-O-BI----,40131207,,,,,C
E-O-BJ----,E-O-BJ----,,,,TRUE,C
E-O-BK----,40131208,,,,TRUE,C
E-O-BL----,20120105,,,,TRUE,C
E-O-C-----,40131400,,,,,C
E-O-CA----,10141000,,,,,C
E-O-CB----,15230200,,,,,C
E-O-CC----,40131401,,,,,C
E-O-CD----,40131403,,,,,C
E-O-CE----,20112201,,,,,C
E-O-D-----,40131500,,,,,C
E-O-DA----,10200000,,,,,C
E-O-DB----,15170000,,,,,C
E-O-DC----,20112100,,,,,C
E-O-DD----,40131501,,,,,C
E-O-DDA---,10200100,,,,,C
E-O-DDB---,15170100,,,,,C
E-O-DDC---,20112101,,,,,C
E-O-DE----,40131502,,,,,C
E-O-DEA---,10200200,,,,,C
E-O-DEB---,15170200,,,,,C
E-O-DEC---,20112102,,,,,C
E-O-DF----,40131503,,,,,C
E-O-DFA---,10200300,,,,,C
E-O-DFB---,15170300,,,,,C
E-O-DFC---,20112103,,,,,C
E-O-DG----,40131504,,,,,C
E-O-DGA---,10200400,,,,,C
E-O-DGB---,15170400,,,,,C
E-O-DGC---,20112104,,,,,C
E-O-DH----,40131505,,,,,C
E-O-DHA---,10200500,,,,,C
E-O-DHB---,15170500,,,,,C
E-O-DHC---,20112105,,,,,C
E-O-DI----,40131506,,,,,C
E-O-DIA---,10200600,,,,,C
E-O-DIB---,15170600,,,,,C
E-O-DIC---,20112106,,,,,C
E-O-DJ----,40131507,,,,,C
E-O-DJB---,15170700,,,,,C
E-O-DJC---,20112107,,,,,C
E-O-DK----,40131508,,,,,C
E-O-DL----,40131509,,,,,C
E-O-DLA---,10200900,,,,,C
E-O-DLB---,15170800,,,,,C
E-O-DLC---,20112109,,,,,C
E-O-DM----,40131510,,,,,C
E-O-DMA---,10201000,,,,,C
E-O-DMB---,15170900,,,,,C
E-O-DMC---,20112110,,,,,C
E-O-DN----,40131511,,,,,C
E-O-DNA---,10201100,,,,,C
E-O-DNC---,20112111,,,,,C
E-O-DO----,40131512,,,,,C
E-O-DOA---,10201200,,,,,C
E-O-DOB---,15171100,,,,,C
E-O-DOC---,20112112,,,,,C
E-O-EA----,15220100,15011,,,,C
E-O-EB----,15220100,15021,,,,C
E-O-EC----,15220100,15041,,,,C
E-O-ED----,15220100,15051,,,,C
E-O-EE----,15220100,15061,,,,C
G-F-ACAC--,25240103,,,,,
G-F-ACAI--,25240101,,,,,
G-F-ACAR--,25240102,,,,,
G-F-ACBC--,25241703,,,,,C
G-F-ACBI--,25241701,,,,,C
G-F-ACBR--,25241702,,,,,C
G-F-ACDC--,25241503,,,,,C
G-F-ACDI--,25241501,,,,,C
G-F-ACDR--,25241502,,,,,C
G-F-ACEC--,25241603,,,,,C
G-F-ACEI--,25241601,,,,,C
G-F-ACER--,25241602,,,,,C
G-F-ACFC--,25240203,,,,,
G-F-ACFI--,25240201,,,,,
G-F-ACFR--,25240202,,,,,
G-F-ACNC--,25240303,,,,,
G-F-ACNI--,25240301,,,,,
G-F-ACNR--,25240302,,,,,
G-F-ACPC--,25240502,,,,,
G-F-ACPR--,25240501,,,,,
G-F-ACRC--,25240403,,,,,
G-F-ACRI--,25240401,,,,,
G-F-ACRR--,25240402,,,,,
G-F-ACSC--,25241003,,,,,
G-F-ACSI--,25241001,,,,,
G-F-ACSR--,25241002,,,,,
G-F-ACT---,25242000,,,,,C
G-F-ACVC--,25241803,,,,,C
G-F-ACVI--,25241801,,,,,C
G-F-ACVR--,25241802,,,,,C
G-F-ACZC--,25241903,,,,,C
G-F-ACZI--,25241901,,,,,C
G-F-ACZR--,25241902,,,,,C
G-F-AKBC--,25242303,,,,,C
G-F-AKBI--,25242301,,,,,C
G-F-AKBR--,25242302,,,,,C
G-F-AKPC--,25242306,,,,,C
G-F-AKPI--,25242304,,,,,C
G-F-AKPR--,25242305,,,,,C
G-F-AT----,25240801,,,,,
G-F-ATB---,25240808,,,,,
G-F-ATC---,25240803,,,,,
G-F-ATG---,25240805,,,,,
G-F-ATR---,25240802,,,,,
G-F-ATS---,25240806,,,,,
G-F-AXC---,25242100,,,,,
G-F-AXS---,25242200,,,,,
G-F-AZBC--,25241703,,,,,B2
G-F-AZBI--,25241701,,,,,B2
G-F-AZBR--,25241702,,,,,B2
G-F-AZCC--,25241303,,,,,B2
G-F-AZCI--,25241301,,,,,
G-F-AZCR--,25241302,,,,,
G-F-AZDC--,25241503,,,,,B2
G-F-AZDI--,25241501,,,,,B2
G-F-AZDR--,25241502,,,,,B2
G-F-AZFC--,25241403,,,,TRUE,B2
G-F-AZFI--,25241401,,,,,
G-F-AZFR--,25241402,,,,,
G-F-AZIC--,25241103,,,,,B2
G-F-AZII--,25241101,,,,,
G-F-AZIR--,25241102,,,,,
G-F-AZSC--,25241603,,,,,B2
G-F-AZSI--,25241601,,,,,B2
G-F-AZSR--,25241602,,,,,B2
G-F-AZVC--,25241803,,,,,B2
G-F-AZVI--,25241801,,,,,B2
G-F-AZVR--,25241802,,,,,B2
G-F-AZXC--,25241203,,,,,B2
G-F-AZXI--,25241201,,,,,
G-F-AZXR--,25241202,,,,,
G-F-AZZC--,25241903,,,,,B2
G-F-AZZI--,25241901,,,,,B2
G-F-AZZR--,25241902,,,,,B2
G-F-LCC---,25260200,,,,,
G-F-LCF---,25260100,,,,,
G-F-LCM---,25260600,,,,,C
G-F-LCN---,25260300,,,,,
G-F-LCR---,25260500,,,,,
G-F-LT----,25240701,,,,,
G-F-LTF---,25240703,,,,,
G-F-LTS---,25240702,,,,,
G-F-PCB---,25250100,,,,,
G-F-PCF---,25240900,,,,,
G-F-PCH---,25250200,,,,,
G-F-PCL---,25250300,,,,,
G-F-PCR---,25250400,,,,,
G-F-PCS---,25250500,,,,,
G-F-PTN---,25240602,,,,,
G-F-PTS---,25240601,,,,,
G-G-AAF---,25171900,,,,,
G-G-AAH---,25170900,,,,,
G-G-AAM---,25171600,,,,,
G-G-AAMH--,25171800,,,,,
G-G-AAML--,25171700,,,,,
G-G-AAR---,25171000,,,,,
G-G-AAW---,25172000,,,,,
G-G-ALC---,25170100,,,,,
G-G-ALL---,25170200,,,,,
G-G-ALM---,25170300,,,,,
G-G-ALS---,25170500,,,,,
G-G-ALU---,25170700,,,,,
G-G-APC---,25180200,,,,,
G-G-APD---,25180300,,,,,
G-G-APP---,25180100,,,,,
G-G-APU---,25180400,,,,,
G-G-DAB---,25151200,,,,,
G-G-DABP--,25151202,,,,,
G-G-DAE---,25151300,,,,,
G-G-DLF---,25140400,,,,,
G-G-DLP---,25140500,,,,,
G-G-DPO---,25160100,,,,,
G-G-DPOC--,25160205,,,,,
G-G-DPOF--,25160202,,,,,
G-G-DPON--,25160203,,,,,
G-G-DPOR--,25160201,,,,,
G-G-DPOS--,G-G-DPOS--,,,,TRUE,
G-G-DPT---,25160300,,,,,
G-G-GAA---,25150200,,,,,
G-G-GAD---,25150600,,,,,
G-G-GAE---,25151300,,,,,
G-G-GAF---,25151000,,,,,
G-G-GAG---,25151200,,,,,
G-G-GAL---,25150800,,,,,
G-G-GAP---,25150900,,,,,
G-G-GAS---,25152200,,,,,
G-G-GAX---,25150700,,,,,
G-G-GAY---,25151100,,,,,
G-G-GAZ---,25120400,,,,,
G-G-GLB---,25110100,,,,,
G-G-GLC---,25140200,,,,,
G-G-GLF---,25140101,,,,,
G-G-GLL---,25110200,,,,,
G-G-GLP---,25140300,,,,,
G-G-GPA---,25180000,,,,,
G-G-GPAA--,25180900,,,,,C
G-G-GPAA--,G-G-GPAA--,,,,TRUE,B2
G-G-GPAB--,25181400,,,,,C
G-G-GPAC--,25181500,,,,,C
G-G-GPAC--,G-G-GPAC--,,,,TRUE,B2
G-G-GPAD--,25181600,,,,,C
G-G-GPAE--,25181700,,,,,C
G-G-GPAF--,25182000,,,,,C
G-G-GPAG--,25182100,,,,,C
G-G-GPAH--,25181300,,,,,C
G-G-GPAH--,G-G-GPAH--,,,,TRUE,B2
G-G-GPAI--,25182200,,,,,C
G-G-GPAJ--,25182300,,,,,C
G-G-GPAK--,25181200,,,,,C
G-G-GPAK--,G-G-GPAK--,,,,TRUE,B2
G-G-GPAL--,25181100,,,,,C
G-G-GPAL--,G-G-GPAL--,,,,TRUE,B2
G-G-GPAM--,25182400,,,,,C
G-G-GPAM--,G-G-GPAM--,,,,TRUE,B2
G-G-GPAN--,25182500,,,,,
G-G-GPAO--,25181800,,,,,C
G-G-GPAO--,G-G-GPAO--,,,,TRUE,B2
G-G-GPAP--,25180700,,,,,
G-G-GPAR--,25181900,,,,,C
G-G-GPAR--,G-G-GPAR--,,,,TRUE,B2
G-G-GPAS--,25181000,,,,,C
G-G-GPAS--,G-G-GPAS--,,,,TRUE,B2
G-G-GPAT--,25180600,,,,,C
G-G-GPAT--,G-G-GPAT--,,,,TRUE,B2
G-G-GPAW--,25180800,,,,,
G-G-GPB---,25214900,,,,,C
G-G-GPBS--,25215000,,,,,C
G-G-GPBSA-,25215100,,,,,C
G-G-GPBU--,25215200,,,,,C
G-G-GPBUA-,25215300,,,,,C
G-G-GPBUM-,25215400,,,,,C
G-G-GPBUS-,25215500,,,,,C
G-G-GPC---,25215600,,,,,C
G-G-GPCA--,25215700,,,,,C
G-G-GPCC--,25216300,,,,,C
G-G-GPCE--,25216200,,,,,C
G-G-GPCM--,25215800,,,,,C
G-G-GPCN--,25215900,,,,,C
G-G-GPCP--,25216000,,,,,C
G-G-GPCR--,25216100,,,,,C
G-G-GPCS--,25216400,,,,,C
G-G-GPCU--,25216500,,,,,C
G-G-GPCUA-,25216600,,,,,C
G-G-GPCUM-,25216700,,,,,C
G-G-GPCUR-,25216800,,,,,C
G-G-GPCUS-,25216900,,,,,C
G-G-GPF---,25212700,,,,,
G-G-GPH---,25212800,,,,,
G-G-GPHA--,25212901,,,,,
G-G-GPHQ--,25212902,,,,,
G-G-GPHX--,25212903,,,,,
G-G-GPHY--,25212904,,,,,
G-G-GPO---,25217100,,,,,
G-G-GPOD--,25217200,,,,,
G-G-GPOP--,G-G-GPOP--,,,,TRUE,
G-G-GPOR--,25217300,,,,,
G-G-GPOW--,25217700,,,,,
G-G-GPOZ--,25217600,,,,,
G-G-GPP---,25130100,,,,,
G-G-GPPA--,25130200,,,,,
G-G-GPPC--,25130500,,,,,
G-G-GPPD--,25130700,,,,,
G-G-GPPE--,25131500,,,,,
G-G-GPPK--,25130300,,,,,
G-G-GPPL--,25131100,,,,,
G-G-GPPO--,25130600,,,,,
G-G-GPPP--,25131200,,,,,
G-G-GPPR--,25131400,,,,,
G-G-GPPS--,25131600,,,,,
G-G-GPPW--,G-G-GPPW--,,,,TRUE,
G-G-GPR---,25213600,,,,,
G-G-GPRC--,25214200,,,,,C
G-G-GPRD--,G-G-GPRD--,,,,TRUE,C
G-G-GPRD--,G-G-GPRD--_B,,,,TRUE,B2
G-G-GPRI--,25131300,,,,,
G-G-GPRM--,G-G-GPRM--,,,,TRUE,C
G-G-GPRN--,G-G-GPRN--,,,,TRUE,
G-G-GPRP--,25214500,,,,,C
G-G-GPRS--,25213700,,,,,
G-G-GPRW--,25214800,,,,,C
G-G-GPUS--,25213100,,,,,
G-G-GPUSA-,25213200,,,,,
G-G-GPUSC-,25213300,,,,,
G-G-GPUSD-,25213000,,,,,
G-G-GPUUB-,25211400,,,,,
G-G-GPUUD-,25211500,,,,,
G-G-GPUUL-,25212000,,,,,
G-G-GPUUS-,25212100,,,,,
G-G-GPUY--,25213500,,,,,
G-G-GPUYA-,25213501,,,,,
G-G-GPUYB-,25213504,,,,,
G-G-GPUYC-,25213506,,,,,
G-G-GPUYD-,25213507,,,,,
G-G-GPUYK-,25213511,,,,,
G-G-GPUYL-,25213512,,,,,
G-G-GPUYP-,25213513,,,,,
G-G-GPUYR-,25213514,,,,,
G-G-GPUYS-,25213508,,,,,
G-G-GPUYT-,25213502,,,,,
G-G-GPUYV-,25213515,,,,,
G-G-GPUYX-,25213510,,,,,C
G-G-GPWA--,25210200,,,,,
G-G-GPWD--,25210400,,,,,
G-G-GPWE--,25210500,,,,,
G-G-GPWG--,25210700,,,,TRUE,
G-G-GPWI--,25210800,,,,,
G-G-GPWM--,25211100,,,,,
G-G-GPWP--,25210900,,,,,
G-G-OAA---,25151500,,,,,
G-G-OAF---,25152000,,,,,
G-G-OAK---,25151600,,,,,
G-G-OAO---,25151700,,,,,
G-G-OAP---,25151900,,,,,
G-G-OAS---,25152100,,,,,
G-G-OLAA--,25151401,,,,,
G-G-OLAGM-,25151403,,,,,
G-G-OLAGS-,25151404,,,,,
G-G-OLAR--,25151402,,,,,
G-G-OLAV--,25151401,,,,,
G-G-OLC---,25141100,,,,,
G-G-OLF---,25140700,,,,,
G-G-OLI---,25140800,,,,,
G-G-OLKA--,25140601,,,,,
G-G-OLKGM-,25140602,,,,,
G-G-OLKGS-,25140603,,,,,
G-G-OLL---,25140900,,,,,
G-G-OLP---,25141200,,,,,
G-G-OLT---,25141000,,,,,
G-G-OPP---,25160400,,,,,
G-G-PA----,25151406,,,,,
G-G-PC----,25270706,,,,,
G-G-PD----,25230100,,,,,
G-G-PF----,25140605,,,,,
G-G-PM----,25270900,,,,,
G-G-PN----,G-G-PN----,,,,TRUE,
G-G-PY----,25270901,,,,,
G-G-SAA---,25141300,,,,,
G-G-SAE---,25151801,,,,,
G-G-SAN---,25120200,,,,,
G-G-SAO---,25120100,,,,,
G-G-SAT---,25120300,,,,,
G-G-SLA---,25141700,,,,,
G-G-SLB---,25141400,,,,,
G-G-SLH---,25141500,,,,,
G-G-SLR---,25141600,,,,,
G-M-BCA---,25271300,,,,,
G-M-BCB---,25271400,,,,,
G-M-BCD---,25271600,,,,,
G-M-BCE---,25271500,,,,,
G-M-BCF---,25290700,,,,,
G-M-BCL---,25290600,,,,,
G-M-BCP---,25280800,,,,,
G-M-BCR---,25290800,,,,,
G-M-BDD---,25270602,,,,,
G-M-BDE---,25270601,,,,,
G-M-BDI---,25270603,,,,,
G-M-NB----,G-M-NB----,,,,TRUE,
G-M-NC----,G-M-NC----,,,,TRUE,
G-M-NDA---,25281801,,,,,
G-M-NDB---,25281804,,,,,
G-M-NDD---,25281806,,,,,
G-M-NDE---,25281802,,,,,
G-M-NDO---,25281805,,,,,
G-M-NDP---,25281800,,,,,
G-M-NDT---,25281803,,,,,
G-M-NEB---,G-M-NEB---,,,,TRUE,
G-M-NEC---,G-M-NEC---,,,,TRUE,
G-M-NF----,G-M-NF----,,,,TRUE,
G-M-NL----,25272200,,,,,
G-M-NM----,25272100,,,,TRUE,
G-M-NR----,G-M-NR----,,,,TRUE,
G-M-NZ----,G-M-NZ----,,,,TRUE,
G-M-OADC--,25290202,,,,,
G-M-OADU--,25290201,,,,,
G-M-OAOF--,25281901,,,,,
G-M-OAOM--,25281902,,,,,
G-M-OAOP--,25281903,,,,,
G-M-OAR---,25290203,,,,,
G-M-OAW---,25290204,,,,,
G-M-OB----,25280700,,,,,
G-M-OEB---,25270501,,,,,
G-M-OED---,25270502,,,,,
G-M-OEF---,25270503,,,,,
G-M-OET---,25270504,,,,,
G-M-OFA---,25270800,,,,,
G-M-OFD---,25270707,,,,,
G-M-OFG---,25271100,,,,,
G-M-OFS---,25270701,,,,,
G-M-OGB---,25270100,,,,,
G-M-OGF---,25270300,,,,,
G-M-OGL---,25290100,,,,,
G-M-OGR---,25270400,,,,,
G-M-OGZ---,25270200,,,,,
G-M-OHO---,25282003,,,,,C
G-M-OHTH--,25282002,,,,TRUE,C
G-M-OHTL--,25282001,,,,TRUE,C
G-M-OMC---,25290400,,,,,
G-M-OMD---,25280400,,,,,
G-M-OME---,25280201,,,,,
G-M-OMP---,25280200,,,,,
G-M-OMT---,25280300,,,,,
G-M-OMU---,25280600,,,,,
G-M-OMW---,25280500,,,,,
G-M-ORA---,25271203,,,,,
G-M-ORC---,25271204,,,,,
G-M-ORP---,25271201,,,,,
G-M-ORS---,25271202,,,,,
G-M-OS----,25280100,,,,,
G-M-OT----,25290500,,,,,
G-M-OU----,25271000,,,,,
G-M-OWA---,25290304,,,,,
G-M-OWCD--,25290308,,,,,
G-M-OWCS--,25290307,,,,,
G-M-OWCT--,25290309,,,,,
G-M-OWD---,25290303,,,,,
G-M-OWH---,25290306,,,,,
G-M-OWL---,25290305,,,,,
G-M-OWS---,25290302,,,,,
G-M-OWU---,25290301,,,,,
G-M-SE----,25280900,,,,,
G-M-SF----,25281200,,,,,
G-M-SL----,25290900,,,,,
G-M-SP----,25151203,,,,,
G-M-SS----,25281000,,,,,
G-M-SU----,25281100,,,,,
G-M-SW----,25291000,,,,,
G-O-B-----,25220100,,,,,
G-O-BA----,25220103,,,,,
G-O-BE----,25220101,,,,,
G-O-BO----,25220106,,,,,
G-O-BT----,25220105,,,,,
G-O-ED----,25218100,,,,,
G-O-EP----,25218200,,,,,
G-O-EV----,25218000,,,,,
G-O-FA----,25212300,,,,,
G-O-FE----,25212400,,,,,
G-O-FO----,25212600,,,,,
G-O-HI----,25218300,,,,,
G-O-HM----,25218600,,,,,
G-O-HN----,25218400,,,,,
G-O-HO----,25218500,,,,,
G-O-SB----,25218700,,,,,
G-O-SBM---,25218800,,,,,
G-O-SBN---,25218700,,,,,
G-O-SBW---,25219200,,,,,
G-O-SBWD--,25219100,,,,,B2
G-O-SBX---,25219100,,,,,
G-O-SM----,25218900,,,,,
G-O-SS----,25219000,,,,,
G-S-AD----,25310100,,,,,
G-S-AE----,25310200,,,,,
G-S-AH----,25310400,,,,,
G-S-AR----,25310300,,,,,
G-S-ASB---,25310600,,,,,
G-S-ASD---,25310700,,,,,
G-S-ASR---,25310500,,,,,
G-S-LCH---,25330200,,,,,
G-S-LCM---,25330100,,,,,
G-S-LRA---,25330400,,,,,
G-S-LRM---,25330300,,,,,
G-S-LRO---,25330301,,,,,
G-S-LRT---,25330401,,,,,
G-S-LRW---,25330302,,,,,
G-S-PAS---,25320200,,,,,
G-S-PAT---,25320300,,,,,
G-S-PC----,25320400,,,,,
G-S-PD----,25320700,,,,,
G-S-PE----,25320800,,,,,
G-S-PI----,25321500,,,,,
G-S-PL----,25320900,,,,,
G-S-PM----,25321000,,,,,
G-S-PN----,25321600,,,,,
G-S-PO----,25321400,,,,,
G-S-PR----,25321200,,,,,
G-S-PSA---,25321707,,,,,
G-S-PSB---,25321708,,,,,
G-S-PSC---,25321709,,,,,
G-S-PSD---,25321710,,,,,
G-S-PSE---,25321711,,,,,
G-S-PSF---,25321712,,,,,
G-S-PSG---,25321713,,,,,
G-S-PSH---,25321714,,,,,
G-S-PSI---,25321715,,,,,
G-S-PSJ---,25321716,,,,,
G-S-PSZ---,25321700,,,,,
G-S-PT----,25320600,,,,,
G-S-PU----,25321300,,,,,
G-S-PX----,25320100,,,,,
G-S-PY----,25320500,,,,,
G-T-A-----,25341200,,,,,
G-T-AS----,25341300,,,,,
G-T-B-----,25340100,,,,,
G-T-C-----,25340400,,,,,
G-T-D-----,25340900,,,,,
G-T-E-----,25341500,,,,,
G-T-F-----,25341100,,,,,
G-T-H-----,25340200,,,,,
G-T-I-----,25341400,,,,,
G-T-J-----,25151204,,,,,
G-T-K-----,25340600,,,,,
G-T-KF----,25340700,,,,,
G-T-L-----,25340800,,,,,
G-T-M-----,25342000,,,,,
G-T-N-----,25341600,,,,TRUE,
G-T-O-----,25341700,,,,,
G-T-P-----,25341800,,,,,
G-T-Q-----,25151205,,,,,
G-T-R-----,25341900,,,,,
G-T-S-----,25342100,,,,,
G-T-T-----,25341000,,,,,
G-T-UC----,25342201,,,,,
G-T-UG----,25342202,,,,,
G-T-US----,25342203,,,,,
G-T-W-----,25342400,,,,,
G-T-WP----,25342500,,,,,
G-T-X-----,25340500,,,,,
G-T-Y-----,25340300,,,,,
G-T-Z-----,25342300,,,,,
I-A-SCC---,I-S-SCC---,,,,,
I-A-SCO---,I-S-SCO---,,,,,
I-A-SCP---,I-S-SCP---,,,,,
I-A-SCS---,I-S-SCS---,,,,,
I-A-SRAI--,I-A-SRAI--,,,,,
I-A-SRAS--,I-A-SRAS--,,,,,
I-A-SRC---,I-A-SRC---,,,,,
I-A-SRD---,I-A-SRD---,,,,,
I-A-SRE---,I-A-SRE---,,,,,
I-A-SRF---,I-A-SRF---,,,,,
I-A-SRI---,I-A-SRI---,,,,,
I-A-SRMA--,I-A-SRMA--,,,,,
I-A-SRMD--,I-A-SRMD--,,,,,
I-A-SRMF--,I-A-SRMF--,,,,,
I-A-SRMG--,I-A-SRMG--,,,,,
I-A-SRMT--,I-A-SRMT--,,,,,
I-A-SRTA--,I-A-SRTA--,,,,,
I-A-SRTI--,I-A-SRTI--,,,,,
I-A-SRTT--,I-A-SRTT--,,,,,
I-A-SRU---,I-A-SRU---,,,,,
I-G-SCC---,I-G-SCC---,,,,,
I-G-SCO---,I-G-SCO---,,,,,
I-G-SCP---,I-G-SCP---,,,,,
I-G-SCS---,I-G-SCS---,,,,,
I-G-SCT---,I-G-SCT---,,,,,
I-G-SRAA--,I-S-SRAA--,35101,,,,
I-G-SRAT--,I-G-SRAT--,,,,,
I-G-SRB---,I-G-SRB---,,,,,
I-G-SRCA--,I-G-SRCA--,,,,,
I-G-SRCS--,I-G-SRCS--,,,,,
I-G-SRD---,I-G-SRD---,,,,,
I-G-SRE---,I-G-SRE---,,,,,
I-G-SRF---,I-G-SRF---,,,,,
I-G-SRH---,I-G-SRH---,,,,,
I-G-SRI---,I-G-SRI---,,,,,
I-G-SRMA--,I-G-SRMA--,,,,,
I-G-SRMF--,I-G-SRMF--,,,,,
I-G-SRMG--,I-G-SRMG--,,,,,
I-G-SRMM--,I-G-SRMM--,,,,,
I-G-SRMT--,I-G-SRMT--,,,,,
I-G-SRS---,I-G-SRS---,,,,,
I-G-SRTA--,I-G-SRTA--,,,,,
I-G-SRTI--,I-G-SRTI--,,,,,
I-G-SRTT--,I-G-SRTT--,,,,,
I-G-SRU---,I-G-SRU---,,,,,
I-P-SCD---,I-P-SCD---,,,,,
I-P-SRD---,I-P-SRD---,,,,,
I-P-SRE---,I-P-SRE---,,,,,
I-P-SRI---,I-P-SRI---,,,,,
I-P-SRM---,I-P-SRM---,,,,,
I-P-SRS---,I-P-SRS---,,,,,
I-P-SRT---,I-P-SRT---,,,,,
I-P-SRU---,I-P-SRU---,,,,,
I-S-SCC---,I-S-SCC---,,,,,
I-S-SCO---,I-S-SCO---,,,,,
I-S-SCP---,I-S-SCP---,,,,,
I-S-SCS---,I-S-SCS---,,,,,
I-S-SRAA--,I-S-SRAA--,,,,,
I-S-SRAT--,I-S-SRAT--,,,,,
I-S-SRCA--,I-S-SRCA--,,,,,
I-S-SRCI--,I-S-SRCI--,,,,,
I-S-SRD---,I-S-SRD---,,,,,
I-S-SRE---,I-S-SRE---,,,,,
I-S-SRF---,I-S-SRF---,,,,,
I-S-SRH---,I-S-SRH---,,,,,
I-S-SRI---,I-S-SRI---,,,,,
I-S-SRMA--,I-S-SRMA--,,,,,
I-S-SRMF--,I-S-SRMF--,,,,,
I-S-SRMG--,I-S-SRMG--,,,,,
I-S-SRMM--,I-S-SRMM--,,,,,
I-S-SRMT--,I-S-SRMT--,,,,,
I-S-SRS---,I-S-SRS---,,,,,
I-S-SRTA--,I-S-SRTA--,,,,,
I-S-SRTI--,I-S-SRTI--,,,,,
I-S-SRTT--,I-S-SRTT--,,,,,
I-S-SRU---,I-S-SRU---,,,,,
I-U-SCO---,I-U-SCO---,,,,,
I-U-SCP---,I-U-SCP---,,,,,
I-U-SCS---,I-U-SCS---,,,,,
I-U-SRD---,I-U-SRD---,,,,,
I-U-SRE---,I-U-SRE---,,,,,
I-U-SRM---,I-U-SRM---,,,,,
I-U-SRS---,I-U-SRS---,,,,,
I-U-SRT---,I-U-SRT---,,,,,
I-U-SRU---,I-U-SRU---,,,,,
O-G-------,11110400,,,,,
O-G-A-----,11110400,11091,,,,
O-G-B-----,11110400,11141,,,,
O-G-C-----,O-G-C-----,,,,,
O-G-D-----,11110400,11171,,,,
O-G-E-----,11110400,11101,,,,
O-G-F-----,11110400,11111,,,,
O-I-D-----,15160900,,,,,
O-I-F-----,40131513,,,,,
O-I-G-----,40110107,,,,,
O-I-I-----,15160800,,,,,
O-I-R-----,11110400,,,,,
O-I-S-----,20111700,,,,,
O-I-V-----,40110114,,,,,
O-L-B-----,20110500,,,,,
O-L-G-----,20111000,,,,,
O-L-M-----,O-L-M-----,,,,,
O-L-W-----,20111800,,,,,
O-O-A-----,40110101,,,,,
O-O-C-----,11110900,,,,,
O-O-CA----,11110900,11221,,,,
O-O-CB----,11110900,11211,,,,
O-O-CC----,11110900,11231,,,,
O-O-D-----,40120100,,,,,
O-O-E-----,40110106,,,,,
O-O-F-----,40130300,,,,,
O-O-HA----,40160100,40031,,,,
O-O-HT----,40160400,40031,,,,
O-O-HV----,40160200,40031,,,,
O-O-K-----,11110300,11051,,,,
O-O-KA----,40110103,40051,,,,
O-O-M-----,40130500,,,,,
O-O-O-----,40131202,,,,TRUE,
O-O-P-----,40130100,,,,,
O-O-RC----,40130402,,,,,
O-O-RW----,40130401,,,,,
O-O-S-----,40130600,,,,,
O-O-U-----,40110105,,,,,
O-O-Y-----,40130200,,,,,
O-O-YH----,40130200,40041,,,,
O-O-YT----,40130201,,,,TRUE,
O-O-YW----,40130200,40091,,,,
O-P-------,11110300,,,,,
O-P-A-----,11110300,11131,,,,
O-P-B-----,11110300,11181,,,,
O-P-C-----,11110300,11191,,,,
O-P-F-----,40110304,,,,,
O-R-------,11110300,11071,,,,
O-R-A-----,40110103,40081,,,,
O-V-A-----,40110102,,,,,C
O-V-A-----,O-V-A-----,,,,,B2
O-V-B-----,40110200,,,,,
O-V-D-----,40110104,,,,,
O-V-E-----,40110600,,,,,
O-V-EI----,40110301,,,,,
O-V-M-----,40110108,,,,,
O-V-MA----,40110108,40061,,,,
O-V-MB----,40110108,40021,,,,
O-V-MC----,40110108,40011,,,,
O-V-P-----,40110109,,,,,
O-V-S-----,40110401,,,,,
O-V-Y-----,40110111,,,,,
S-A-C-----,01120000,,,,,
S-A-CF----,01120100,,,,,
S-A-CH----,S-A-CH----,,,,,
S-A-CL----,01120400,,,,,
S-A-M-----,01110000,,,,,
S-A-ME----,01110132,,,,,C
S-A-MF----,01110100,,,,,
S-A-MFA---,01110102,,,,,
S-A-MFB---,01110103,,,,,
S-A-MFC---,01110107,,,,,
S-A-MFCH--,01110107,,01012,,,
S-A-MFCL--,01110107,,01032,,,
S-A-MFCM--,01110107,,01022,,,
S-A-MFD---,S-A-MFD---,,,,,
S-A-MFF---,01110104,,,,,
S-A-MFFI--,S-A-MFFI--,,,,,
S-A-MFH---,S-A-MFH---,,,,,
S-A-MFJ---,01110108,,,,,
S-A-MFK---,01110109,,,,,
S-A-MFKB--,S-A-MFKB--,,,,,
S-A-MFKD--,S-A-MFKD--,,,,,
S-A-MFL---,S-A-MFL---,,,,,
S-A-MFM---,01110126,,,,,
S-A-MFO---,01110101,,,,,
S-A-MFP---,01110110,,,,,
S-A-MFPM--,01110123,,,,,
S-A-MFPN--,S-A-MFPN--,,,,,
S-A-MFQ---,01110300,,,,,
S-A-MFQA--,01110300,01011,,,,
S-A-MFQB--,01110300,01021,,,,
S-A-MFQC--,01110300,01031,,,,
S-A-MFQD--,S-A-MFQD--,,,,,
S-A-MFQF--,01110300,01041,,,,
S-A-MFQH--,S-A-MFQH--,,,,,
S-A-MFQI--,01110300,01251,,,,
S-A-MFQJ--,01110300,01161,,,,
S-A-MFQK--,01110300,01061,,,,
S-A-MFQL--,S-A-MFQL--,,,,,
S-A-MFQM--,01110300,01271,,,,
S-A-MFQN--,S-A-MFQN--,,,,,
S-A-MFQO--,01110300,01141,,,,
S-A-MFQP--,01110300,01171,,,,
S-A-MFQR--,01110300,01181,,,,
S-A-MFQRW-,S-A-MFQRW-,,,,,
S-A-MFQRX-,S-A-MFQRX-,,,,,
S-A-MFQRZ-,S-A-MFQRZ-,,,,,
S-A-MFQS--,S-A-MFQS--,,,,,
S-A-MFQT--,01110300,01191,,,,
S-A-MFQU--,01110300,01071,,,,
S-A-MFQY--,S-A-MFQY--,,,,,
S-A-MFR---,01110111,,,,,
S-A-MFRW--,S-A-MFRW--,,,,,
S-A-MFRX--,S-A-MFRX--,,,,,
S-A-MFRZ--,S-A-MFRZ--,,,,,
S-A-MFS---,S-A-MFS---,,,,,
S-A-MFT---,01110112,,,,,
S-A-MFU---,01110113,,,,,
S-A-MFUH--,01110113,,01012,,,
S-A-MFUL--,01110113,,01032,,,
S-A-MFUM--,01110113,,01022,,,
S-A-MFY---,S-A-MFY---,,,,,
S-A-MH----,01110200,,,,,
S-A-MHA---,01110200,01011,,,,
S-A-MHC---,01110200,01031,,,,
S-A-MHCH--,01110200,01031,01012,,,
S-A-MHCL--,01110200,01031,01032,,,
S-A-MHCM--,01110200,01031,01022,,,
S-A-MHD---,S-A-MHD---,,,,,
S-A-MHH---,S-A-MHH---,,,,,
S-A-MHI---,01110200,01251,,,,
S-A-MHJ---,01110200,01161,,,,
S-A-MHK---,01110200,01061,,,,
S-A-MHM---,01110200,01271,,,,
S-A-MHO---,01110200,01141,,,,
S-A-MHQ---,01110400,,,,,
S-A-MHR---,01110200,01181,,,,
S-A-MHS---,S-A-MHS---,,,,,
S-A-MHT---,01110200,01191,,,,
S-A-MHU---,01110200,01071,,,,
S-A-MHUH--,01110200,01071,01012,,,
S-A-MHUL--,01110200,01071,01032,,,
S-A-MHUM--,01110200,01071,01022,,,
S-A-ML----,01110500,,,,,
S-A-MV----,01110129,,,,,C
S-A-W-----,S-A-W-----,,,,,
S-A-WB----,01130100,,,,,
S-A-WD----,S-A-WD----,,,,,
S-A-WM----,02110000,,,,,
S-A-WM----,02110000,,02052,,,
S-A-WMA---,02110000,02011,02052,,,
S-A-WMAA--,02110000,02011,02012,,,
S-A-WMAP--,S-A-WMAP--,,,,,
S-A-WMAS--,02110000,02011,02022,,,
S-A-WMB---,02110000,02061,02062,,,
S-A-WMCM--,02110000,02071,02062,,,
S-A-WMS---,02110000,02021,02052,,,
S-A-WMSA--,02110000,02021,02012,,,
S-A-WMSB--,S-A-WMSB--,,,,,
S-A-WMSS--,02110000,02021,02022,,,
S-A-WMSU--,S-A-WMSU--,,,,,
S-A-WMU---,S-A-WMU---,,,,,
S-F-------,10121800,,,,,
S-F-A-----,10120600,10631,,,,
S-F-AF----,10120800,10631,,,,
S-F-AFA---,10120800,10631,10542,,,
S-F-AFK---,10120800,10631,10552,,,
S-F-AFU---,10120800,10631,10562,,,
S-F-AFUH--,10120800,10631,10152,,,
S-F-AFUL--,10120800,10631,10192,,,
S-F-AFUM--,10120800,10631,10242,,,
S-F-AH----,S-F-AH----,,,,,
S-F-AHA---,10120600,10631,10542,,,
S-F-AHH---,10120600,10631,10572,,,
S-F-AHU---,10120600,10631,10562,,,
S-F-AHUH--,10120600,10631,10152,,,
S-F-AHUL--,10120600,10631,10192,,,
S-F-AHUM--,10120600,10631,10242,,,
S-F-AV----,10120800,10631,10492,,,
S-F-B-----,S-F-B-----,,,,,
S-F-G-----,10121802,,,,TRUE,
S-F-GC----,10110200,,,,,
S-F-GP----,40130200,,,,,
S-F-GPA---,10121801,,,,,
S-F-GR----,10121100,10521,10012,,TRUE,
S-F-GS----,10121700,,,,,
S-F-N-----,10170100,10631,,,,
S-F-NB----,10121803,,,,,
S-F-NN----,10121804,,,,,
S-F-NS----,10121400,,,,,
S-F-NU----,10121805,,,,,
S-G-ES----,15220100,,,,,
S-G-ESE---,15220200,,,,,
S-G-ESR---,15220300,,,,,
S-G-EV----,15120000,,,,,
S-G-EVA---,15120100,,,,,
S-G-EVAA--,15120103,,,,,
S-G-EVAAR-,15120108,,,,,
S-G-EVAC--,S-G-EVAC--,,,,,
S-G-EVAI--,15120101,,,,,
S-G-EVAL--,15120110,,,,,
S-G-EVAS--,15120109,,,,,
S-G-EVAT--,15120200,,,,,
S-G-EVATH-,15120203,,,,,
S-G-EVATHR,15120303,,,,,
S-G-EVATL-,15120201,,,,,
S-G-EVATLR,15120301,,,,,
S-G-EVATM-,15120202,,,,,
S-G-EVATMR,15120302,,,,,
S-G-EVC---,S-G-EVC---,,,,,
S-G-EVCA--,15160100,,,,,
S-G-EVCAH-,15160103,,,,,
S-G-EVCAL-,15160101,,,,,
S-G-EVCAM-,15160102,,,,,
S-G-EVCF--,15160700,,,,,
S-G-EVCFH-,15160703,,,,,
S-G-EVCFL-,S-G-EVCFL-,,,,,
S-G-EVCFM-,15160702,,,,,
S-G-EVCJ--,15160500,,,,,
S-G-EVCJH-,15160503,,,,,
S-G-EVCJL-,15160501,,,,,
S-G-EVCJM-,15160502,,,,,
S-G-EVCM--,15160300,,,,,
S-G-EVCMH-,15160303,,,,,
S-G-EVCML-,15160301,,,,,
S-G-EVCMM-,15160302,,,,,
S-G-EVCO--,15160200,,,,,
S-G-EVCOH-,15160203,,,,,
S-G-EVCOL-,15160201,,,,,
S-G-EVCOM-,15160202,,,,,
S-G-EVCT--,15160600,,,,,
S-G-EVCTH-,15160603,,,,,
S-G-EVCTL-,15160601,,,,,
S-G-EVCTM-,15160602,,,,,
S-G-EVCU--,15160400,,,,,
S-G-EVCUH-,15160403,,,,,
S-G-EVCUL-,15160401,,,,,
S-G-EVCUM-,15160402,,,,,
S-G-EVE---,15130000,,,,,
S-G-EVEA--,15130900,,,,,
S-G-EVEAA-,15130902,,,,,
S-G-EVEAT-,15130901,,,,,
S-G-EVEB--,S-G-EVEB--,,,,,
S-G-EVEC--,15131500,,,,,
S-G-EVED--,15131100,,,,,
S-G-EVEDA-,15131101,,,,,
S-G-EVEE--,15130800,,,,,
S-G-EVEF--,15131600,,,,,
S-G-EVEH--,15131400,,,,,
S-G-EVEM--,S-G-EVEM--,,,,,
S-G-EVEML-,15131003,,,,,
S-G-EVEMV-,15131002,,,,,
S-G-EVER--,15131300,,,,,
S-G-EVES--,15131200,,,,,
S-G-EVM---,15180000,,,,,
S-G-EVS---,15190000,,,,,
S-G-EVSC--,15190300,,,,,
S-G-EVSP--,15190400,,,,,
S-G-EVSR--,15190200,,,,,
S-G-EVST--,15190100,,,,,
S-G-EVSW--,15190500,,,,,
S-G-EVT---,15150100,,,,,
S-G-EVU---,15140100,,,,,
S-G-EVUA--,15140300,,,,,
S-G-EVUAA-,15120104,,,,,
S-G-EVUB--,15140500,,,,,
S-G-EVUL--,15140700,,,,,
S-G-EVUR--,15141100,,,,,
S-G-EVUS--,15140600,,,,,
S-G-EVUSH-,15140603,,,,,
S-G-EVUSL-,15140601,,,,,
S-G-EVUSM-,15140602,,,,,
S-G-EVUT--,15141200,,,,,
S-G-EVUTH-,15141202,,,,,
S-G-EVUTL-,15141201,,,,,
S-G-EVUX--,15140800,,,,,
S-G-EWA---,15110500,,,,,
S-G-EWAH--,15110503,,,,,
S-G-EWAL--,15110501,,,,,
S-G-EWAM--,15110502,,,,,
S-G-EWD---,15110700,,,,,
S-G-EWDH--,15110703,,,,,
S-G-EWDHS-,S-G-EWDHS-,,,,,
S-G-EWDL--,15110701,,,,,
S-G-EWDLS-,S-G-EWDLS-,,,,,
S-G-EWDM--,15110702,,,,,
S-G-EWDMS-,S-G-EWDMS-,,,,,
S-G-EWG---,15110600,,,,,
S-G-EWGH--,15110603,,,,,
S-G-EWGL--,15110601,,,,,
S-G-EWGM--,15110602,,,,,
S-G-EWGR--,15110800,,,,,
S-G-EWH---,15110900,,,,,
S-G-EWHH--,15110903,,,,,
S-G-EWHHS-,S-G-EWHHS-,,,,,
S-G-EWHL--,15110901,,,,,
S-G-EWHLS-,S-G-EWHLS-,,,,,
S-G-EWHM--,15110902,,,,,
S-G-EWHMS-,S-G-EWHMS-,,,,,
S-G-EWM---,15111000,,,,,
S-G-EWMA--,S-G-EWMA--,,,,,
S-G-EWMAI-,15111104,,,,,
S-G-EWMAIE,15111106,,,,,
S-G-EWMAIR,15111105,,,,,
S-G-EWMAL-,15111107,,,,,
S-G-EWMALE,15111109,,,,,
S-G-EWMALR,15111108,,,,,
S-G-EWMAS-,15111101,,,,,
S-G-EWMASE,15111103,,,,,
S-G-EWMASR,15111102,,,,,
S-G-EWMAT-,S-G-EWMAT-,,,,,
S-G-EWMATE,S-G-EWMATE,,,,,
S-G-EWMATR,S-G-EWMATR,,,,,
S-G-EWMS--,15111300,,,,,
S-G-EWMSI-,15111302,,,,,
S-G-EWMSL-,15111303,,,,,
S-G-EWMSS-,15111301,,,,,
S-G-EWMT--,15111200,,,,,
S-G-EWMTH-,15111203,,,,,
S-G-EWMTL-,15111201,,,,,
S-G-EWMTM-,15111202,,,,,
S-G-EWO---,15111400,,,,,
S-G-EWOH--,15111403,,,,,
S-G-EWOL--,15111401,,,,,
S-G-EWOM--,15111402,,,,,
S-G-EWR---,15110100,,,,,
S-G-EWRH--,15110103,,,,,
S-G-EWRL--,15110102,,,,,
S-G-EWRR--,15110101,,,,,
S-G-EWS---,15111500,,,,,
S-G-EWSH--,15111503,,,,,
S-G-EWSL--,15111501,,,,,
S-G-EWSM--,15111502,,,,,
S-G-EWT---,15111700,,,,,
S-G-EWTH--,15111703,,,,,
S-G-EWTL--,15111701,,,,,
S-G-EWTM--,15111702,,,,,
S-G-EWX---,15111600,,,,,
S-G-EWXH--,15111603,,,,,
S-G-EWXL--,15111601,,,,,
S-G-EWXM--,15111602,,,,,
S-G-EWZ---,15110300,,,,,
S-G-EWZH--,15110303,,,,,
S-G-EWZL--,15110301,,,,,
S-G-EWZM--,15110302,,,,,
S-G-EXF---,15110400,,,,,
S-G-EXI---,15210400,,,,,
S-G-EXL---,15201000,,,,,
S-G-EXM---,S-G-EXM---,,,,,
S-G-EXMC--,15210200,,,,,
S-G-EXML--,15210500,,,,,
S-G-EXN---,15200400,,,,,
S-G-IB----,20120802,,,,,
S-G-IBA---,20121301,,,,,
S-G-IBN---,S-G-IBN---,,,,,
S-G-IE----,20110800,,,,,
S-G-IG----,20110900,,,,,
S-G-IMA---,20110100,,,,,
S-G-IMC---,20110600,,20012,,,
S-G-IME---,20110200,,,,,
S-G-IMF---,S-G-IMF---,,,,,
S-G-IMFA--,S-G-IMF---,,20052,,,
S-G-IMFP--,S-G-IMF---,,20062,,,
S-G-IMFPW-,S-G-IMFPW-,,,,,
S-G-IMFS--,S-G-IMF---,,20072,,,
S-G-IMG---,20110400,,,,,
S-G-IMM---,20111400,,,,,
S-G-IMN---,20110700,,,,,
S-G-IMNB--,20110701,,,,,
S-G-IMS---,S-G-IMS---,,,,,
S-G-IMV---,20121306,,,,,
S-G-IP----,S-G-IP----,,,,,
S-G-IPD---,S-G-IPD---,,,,,
S-G-IR----,S-G-IR----,,,,,
S-G-IRM---,20111300,,,,,
S-G-IRN---,20110600,,,,,
S-G-IRNB--,20110600,20011,,,,
S-G-IRNC--,20110600,20021,,,,
S-G-IRNN--,20110600,20031,,,,
S-G-IRP---,20120505,,,,,
S-G-IT----,20121300,,,,,
S-G-IU----,S-G-IU----,,,,,
S-G-IUE---,20120500,,,,,
S-G-IUED--,S-G-IUED--,,,,,
S-G-IUEF--,S-G-IUEF--,,,,,
S-G-IUEN--,S-G-IUEN--,,,,,
S-G-IUP---,20121410,,,,,
S-G-IUR---,S-G-IUR---,,,,,
S-G-IUT---,S-G-IUT---,,,,,
S-G-IX----,20120701,,,,TRUE,
S-G-IXH---,20120702,,,,TRUE,
S-G-UC----,10120900,,,,,
S-G-UCA---,10120500,,,,,
S-G-UCAA--,10120400,,,,TRUE,
S-G-UCAAA-,10120401,,,,TRUE,
S-G-UCAAAS,S-G-UCAAAS,,,,TRUE,
S-G-UCAAAT,10120401,,,,TRUE,
S-G-UCAAAW,10120401,,10512,,TRUE,
S-G-UCAAC-,10120400,,10022,,TRUE,
S-G-UCAAD-,10120400,,,,TRUE,
S-G-UCAAL-,10120400,,10192,,TRUE,
S-G-UCAAM-,10120400,,10012,,TRUE,
S-G-UCAAO-,10120402,,,,TRUE,
S-G-UCAAOS,10120402,10011,,,TRUE,
S-G-UCAAS-,S-G-UCAAS-,,,,TRUE,
S-G-UCAAU-,10120400,,10272,,TRUE,
S-G-UCAT--,10120500,,,,,
S-G-UCATA-,10120500,,10012,,,
S-G-UCATH-,10120500,,10152,,,
S-G-UCATL-,10120500,,10192,,,
S-G-UCATM-,10120500,,10242,,,
S-G-UCATR-,10120500,,10382,,,
S-G-UCATW-,10120502,,,,TRUE,
S-G-UCATWR,10120502,,10382,,TRUE,
S-G-UCAW--,10120500,,10512,,,
S-G-UCAWA-,S-G-UCAWA-,,,,,
S-G-UCAWH-,S-G-UCAWH-,,,,,
S-G-UCAWL-,S-G-UCAWL-,,,,,
S-G-UCAWM-,S-G-UCAWM-,,,,,
S-G-UCAWR-,S-G-UCAWR-,,,,,
S-G-UCAWS-,S-G-UCAWS-,,,,TRUE,
S-G-UCAWW-,10120502,,10512,,TRUE,
S-G-UCAWWR,S-G-UCAWWR,,,,TRUE,
S-G-UCD---,10130100,,,,TRUE,
S-G-UCDC--,S-G-UCDC--,,,,TRUE,
S-G-UCDG--,S-G-UCDG--,,,,TRUE,
S-G-UCDH--,S-G-UCDH--,,,,TRUE,
S-G-UCDHH-,S-G-UCDHH-,,,,TRUE,
S-G-UCDHP-,S-G-UCDHP-,,,,TRUE,
S-G-UCDM--,10130102,,,,TRUE,
S-G-UCDMH-,S-G-UCDMH-,,,,TRUE,
S-G-UCDML-,S-G-UCDML-,,,,TRUE,
S-G-UCDMLA,S-G-UCDMLA,,,,TRUE,
S-G-UCDMM-,S-G-UCDMM-,,,,TRUE,
S-G-UCDO--,S-G-UCDO--,,,,TRUE,
S-G-UCDS--,S-G-UCDS--,,,,TRUE,
S-G-UCDSC-,S-G-UCDSC-,,,,TRUE,
S-G-UCDSS-,S-G-UCDSS-,,,,TRUE,
S-G-UCDSV-,S-G-UCDSV-,,,,TRUE,
S-G-UCDT--,S-G-UCDT--,,,,TRUE,
S-G-UCE---,10140700,,,,,
S-G-UCEC--,10140700,10091,,,,
S-G-UCECA-,10140700,,10012,,,
S-G-UCECC-,10140700,,10022,,,
S-G-UCECH-,10140700,10091,10152,,,
S-G-UCECL-,10140700,10091,10192,,,
S-G-UCECM-,10140700,10091,10242,,,
S-G-UCECO-,10140700,10091,10272,,,
S-G-UCECR-,10140703,,,,TRUE,
S-G-UCECS-,10140700,10011,,,,
S-G-UCECT-,10140701,,,,,
S-G-UCECW-,10140702,,,,TRUE,
S-G-UCEN--,10140700,10121,,,,
S-G-UCENN-,10140700,10461,,,,
S-G-UCF---,10130300,,,,,
S-G-UCFH--,S-G-UCFH--,,,,,
S-G-UCFHA-,10130300,,10012,,,
S-G-UCFHC-,10130300,,10022,,,
S-G-UCFHE-,10130301,,,,,
S-G-UCFHH-,10130300,,10152,,,
S-G-UCFHL-,10130300,,10192,,,
S-G-UCFHM-,10130300,,10242,,,
S-G-UCFHO-,10130300,,10272,,,
S-G-UCFHS-,10130300,10011,,,,
S-G-UCFHX-,S-G-UCFHX-,,,,TRUE,
S-G-UCFM--,10130800,,,,,
S-G-UCFML-,S-G-UCFML-,,,,TRUE,
S-G-UCFMS-,10130801,,,,,
S-G-UCFMT-,10130803,,,,,
S-G-UCFMTA,10130803,,10012,,,
S-G-UCFMTC,10130800,,10022,,,
S-G-UCFMTO,10130803,,10272,,,
S-G-UCFMTS,10130803,10011,,,,
S-G-UCFMW-,10130802,,,,,
S-G-UCFO--,10130600,,,,,
S-G-UCFOA-,10130600,,10012,,,
S-G-UCFOL-,10130600,,10192,,,
S-G-UCFOO-,10130600,,10272,,,
S-G-UCFOS-,10130600,10011,,,,
S-G-UCFR--,S-G-UCFR--,,,,,
S-G-UCFRM-,10130300,10411,,,,
S-G-UCFRMR,S-G-UCFRMR,,,,,
S-G-UCFRMS,10130301,10411,,,,
S-G-UCFRMT,S-G-UCFRMT,,,,TRUE,
S-G-UCFRS-,10130300,10591,,,,
S-G-UCFRSR,S-G-UCFRSR,,,,,
S-G-UCFRSS,10130301,10591,,,,
S-G-UCFRST,10130300,10591,10472,,,
S-G-UCFS--,S-G-UCFS--,,,,,
S-G-UCFSA-,S-G-UCFSA-,,,,,
S-G-UCFSL-,S-G-UCFSL-,,,,,
S-G-UCFSO-,S-G-UCFSO-,,,,,
S-G-UCFSS-,S-G-UCFSS-,,,,,
S-G-UCFT--,S-G-UCFT--,,,,,
S-G-UCFTA-,10130200,,,,TRUE,
S-G-UCFTC-,S-G-UCFTC-,,,,TRUE,
S-G-UCFTCD,S-G-UCFTCD,,,,TRUE,
S-G-UCFTCM,10130302,,,,TRUE,
S-G-UCFTF-,S-G-UCFTF-,,,,,
S-G-UCFTR-,S-G-UCFTR-,,,,,
S-G-UCFTS-,S-G-UCFTS-,,,,TRUE,
S-G-UCI---,10121100,,,,TRUE,
S-G-UCIA--,10121100,,10012,,TRUE,
S-G-UCIC--,10121100,,10022,,TRUE,
S-G-UCII--,10121105,,,,TRUE,
S-G-UCIL--,10121100,,10192,,TRUE,
S-G-UCIM--,10121104,,,,TRUE,
S-G-UCIN--,S-G-UCIN--,,,,TRUE,
S-G-UCIO--,10121100,,10272,,TRUE,
S-G-UCIS--,10121100,10011,,,TRUE,
S-G-UCIZ--,10121102,,,,TRUE,
S-G-UCM---,S-G-UCM---,,,,,
S-G-UCMS--,S-G-UCMS--,,,,,
S-G-UCMT--,S-G-UCMT--,,,,,
S-G-UCR---,10121300,,,,TRUE,
S-G-UCRA--,10121300,,10012,,TRUE,
S-G-UCRC--,10121300,,10022,,TRUE,
S-G-UCRH--,S-G-UCRH--,,,,TRUE,
S-G-UCRL--,10121300,,10192,,TRUE,
S-G-UCRO--,10121300,,10272,,TRUE,
S-G-UCRR--,10121302,,,,TRUE,
S-G-UCRRD-,S-G-UCRRD-,,,,TRUE,
S-G-UCRRF-,10121302,10261,,,TRUE,
S-G-UCRRL-,S-G-UCRRL-,,,,TRUE,
S-G-UCRS--,10121300,10011,,,TRUE,
S-G-UCRV--,S-G-UCRV--,,,,TRUE,
S-G-UCRVA-,10120501,,,,TRUE,
S-G-UCRVG-,10121300,,,,TRUE,
S-G-UCRVM-,10121303,,,,TRUE,
S-G-UCRVO-,10120601,,,,TRUE,
S-G-UCRX--,S-G-UCRX--,,,,TRUE,
S-G-UCS---,10141700,,,,,
S-G-UCSA--,10120600,10541,,,,
S-G-UCSG--,10141700,,,,,
S-G-UCSGA-,10141701,,,,,
S-G-UCSGD-,S-G-UCSGD-,,,,TRUE,
S-G-UCSGM-,10141702,,,,TRUE,
S-G-UCSM--,10141701,,10512,,,
S-G-UCSR--,10141700,,10362,,,
S-G-UCSW--,S-G-UCSW--,,,,TRUE,
S-G-UCV---,10120600,,,,,
S-G-UCVC--,S-G-UCVC--,,,,TRUE,
S-G-UCVF--,10120800,,,,,
S-G-UCVFA-,10120800,10031,,,,
S-G-UCVFR-,S-G-UCVFR-,,,,TRUE,
S-G-UCVFU-,10120800,10691,,,,
S-G-UCVR--,S-G-UCVR--,,,,,
S-G-UCVRA-,10120600,10031,,,,
S-G-UCVRM-,10120600,10331,,,,
S-G-UCVRS-,S-G-UCVRS-,,,,,
S-G-UCVRU-,10120600,10691,,,,
S-G-UCVRUC,S-G-UCVRUC,,,,,
S-G-UCVRUE,10120600,10751,,,,
S-G-UCVRUH,10120600,10691,10152,,,
S-G-UCVRUL,10120600,10691,10192,,,
S-G-UCVRUM,10120600,10691,10242,,,
S-G-UCVRW-,10120600,10741,,,,
S-G-UCVS--,S-G-UCVS--,,,,,
S-G-UCVU--,10121900,,,,,
S-G-UCVUF-,10120800,10011,,,,
S-G-UCVUR-,10120600,10011,,,,
S-G-UCVV--,S-G-UCVV--,,,,,
S-G-UH----,S-G-UH----,,,,TRUE,
S-G-US----,10160600,,,,,
S-G-USA---,10160100,,,,,
S-G-USAC--,10160100,,,10XXXX97,,
S-G-USAF--,10160700,,,,,
S-G-USAFC-,10160700,,,10XXXX97,,
S-G-USAFT-,10160700,,,10XXXX98,,
S-G-USAJ--,10160800,,,,,
S-G-USAJC-,10160800,,,10XXXX97,,
S-G-USAJT-,10160800,,,10XXXX98,,
S-G-USAL--,10160900,,,,,
S-G-USALC-,10160900,,,10XXXX97,,
S-G-USALT-,10160900,,,10XXXX98,,
S-G-USAM--,10161600,,,,,
S-G-USAMC-,10161600,,,10XXXX97,,
S-G-USAMT-,10161600,,,10XXXX98,,
S-G-USAO--,10162700,,,,,
S-G-USAOC-,10162700,,,10XXXX97,,
S-G-USAOT-,10162700,,,10XXXX98,,
S-G-USAP--,10162800,,,,,
S-G-USAPB-,10164900,,,,,
S-G-USAPBC,10164900,,,10XXXX97,,
S-G-USAPBT,10164900,,,10XXXX98,,
S-G-USAPC-,10162800,,,10XXXX97,,
S-G-USAPM-,10163500,,,,,
S-G-USAPMC,10163500,,,10XXXX97,,
S-G-USAPMT,10163500,,,10XXXX98,,
S-G-USAPT-,10162800,,,10XXXX98,,
S-G-USAQ--,S-G-USAQ--,,,,,
S-G-USAQC-,S-G-USAQC-,,,,TRUE,
S-G-USAQT-,S-G-USAQT-,,,,TRUE,
S-G-USAR--,10163100,,,,,
S-G-USARC-,10163100,,,10XXXX97,,
S-G-USART-,10163100,,,10XXXX98,,
S-G-USAS--,10162400,,,,,
S-G-USASC-,10162400,,,10XXXX97,,
S-G-USAST-,10162400,,,10XXXX98,,
S-G-USAT--,10160100,,,10XXXX98,,
S-G-USAW--,10161500,,,,,
S-G-USAWC-,10161500,,,10XXXX97,,
S-G-USAWT-,10161500,,,10XXXX98,,
S-G-USAX--,10163200,,,,,
S-G-USAXC-,10163200,,,10XXXX97,,
S-G-USAXT-,10163200,,,10XXXX98,,
S-G-USM---,10161300,,,,TRUE,
S-G-USMC--,10161300,,,10XXXX97,TRUE,
S-G-USMD--,10161300,,10112,,TRUE,
S-G-USMDC-,10161400,,10112,10XXXX97,TRUE,
S-G-USMDT-,10161400,,10112,10XXXX98,TRUE,
S-G-USMM--,10161400,,,,TRUE,
S-G-USMMC-,10161400,,,10XXXX97,TRUE,
S-G-USMMT-,10161400,,,10XXXX98,TRUE,
S-G-USMP--,10161300,,10342,,TRUE,
S-G-USMPC-,10161400,,10342,10XXXX97,TRUE,
S-G-USMPT-,10161400,,10342,10XXXX98,TRUE,
S-G-USMT--,10161300,,,10XXXX98,TRUE,
S-G-USMV--,10161300,,10502,,TRUE,
S-G-USMVC-,S-G-USMVC-,,,,TRUE,
S-G-USMVT-,S-G-USMVT-,,,,TRUE,
S-G-USS---,10163400,,,,TRUE,
S-G-USS1--,10163700,,,,TRUE,
S-G-USS1C-,10163700,,,10XXXX97,TRUE,
S-G-USS1T-,10163700,,,10XXXX98,TRUE,
S-G-USS2--,S-G-USS2--,,,,TRUE,
S-G-USS2C-,S-G-USS2C-,,,,TRUE,
S-G-USS2T-,S-G-USS2T-,,,,TRUE,
S-G-USS3--,10163900,,,,TRUE,
S-G-USS3A-,S-G-USS3A-,,,,TRUE,
S-G-USS3AC,S-G-USS3AC,,,,TRUE,
S-G-USS3AT,S-G-USS3AT,,,,TRUE,
S-G-USS3C-,10163900,,,10XXXX97,TRUE,
S-G-USS3T-,10163900,,,10XXXX98,TRUE,
S-G-USS4--,10164000,,,,TRUE,
S-G-USS4C-,10164000,,,10XXXX97,TRUE,
S-G-USS4T-,10164000,,,10XXXX98,TRUE,
S-G-USS5--,10164100,,,,TRUE,
S-G-USS5C-,10164100,,,10XXXX97,TRUE,
S-G-USS5T-,10164100,,,10XXXX98,TRUE,
S-G-USS6--,10164200,,,,TRUE,
S-G-USS6C-,10164200,,,10XXXX97,TRUE,
S-G-USS6T-,10164200,,,10XXXX98,TRUE,
S-G-USS7--,10164300,,,,TRUE,
S-G-USS7C-,10164300,,,10XXXX97,TRUE,
S-G-USS7T-,10164300,,,10XXXX98,TRUE,
S-G-USS8--,10164400,,,,TRUE,
S-G-USS8C-,10164400,,,10XXXX97,TRUE,
S-G-USS8T-,10164400,,,10XXXX98,TRUE,
S-G-USS9--,10164500,,,,TRUE,
S-G-USS9C-,10164500,,,10XXXX97,TRUE,
S-G-USS9T-,10164500,,,10XXXX98,TRUE,
S-G-USSC--,10163400,,,10XXXX97,TRUE,
S-G-USSL--,S-G-USSL--,,,,TRUE,
S-G-USSLC-,S-G-USSLC-,,,,TRUE,
S-G-USSLT-,S-G-USSLT-,,,,TRUE,
S-G-USST--,10163400,,,10XXXX98,TRUE,
S-G-USSW--,S-G-USSW--,,,,TRUE,
S-G-USSWC-,S-G-USSWC-,,,,TRUE,
S-G-USSWP-,S-G-USSWP-,,,,TRUE,
S-G-USSWPC,S-G-USSWPC,,,,TRUE,
S-G-USSWPT,S-G-USSWPT,,,,TRUE,
S-G-USSWT-,S-G-USSWT-,,,,TRUE,
S-G-USSX--,10164600,,,,TRUE,
S-G-USSXC-,10164600,,,10XXXX97,TRUE,
S-G-USSXT-,10164600,,,10XXXX98,TRUE,
S-G-UST---,10163600,,,,,
S-G-USTA--,10160300,,,,,
S-G-USTAC-,10160300,,,10XXXX97,,
S-G-USTAT-,10160300,,,10XXXX98,,
S-G-USTC--,10163600,,,10XXXX97,,
S-G-USTI--,S-G-USTI--,,,,,
S-G-USTIC-,S-G-USTIC-,,,,TRUE,
S-G-USTIT-,S-G-USTIT-,,,,TRUE,
S-G-USTM--,10163600,10381,,,,
S-G-USTMC-,10163600,10381,,10XXXX97,,
S-G-USTMT-,10163600,10381,,10XXXX98,,
S-G-USTR--,10163000,,,,,
S-G-USTRC-,10163000,,,10XXXX97,,
S-G-USTRT-,10163000,,,10XXXX98,,
S-G-USTS--,10163300,,,,,
S-G-USTSC-,10163300,,,10XXXX97,,
S-G-USTST-,10163300,,,10XXXX98,,
S-G-USTT--,10163600,,,10XXXX98,,
S-G-USX---,10161100,,,,,
S-G-USXC--,10161100,,,10XXXX97,,
S-G-USXE--,10161100,10221,,,,
S-G-USXEC-,10161100,10221,,10XXXX97,,
S-G-USXET-,10161100,10221,,10XXXX98,,
S-G-USXH--,10161100,,10152,,,
S-G-USXHC-,10161100,,10152,10XXXX97,,
S-G-USXHT-,10161100,,10152,10XXXX98,,
S-G-USXO--,S-G-USXO--,,,,,
S-G-USXOC-,S-G-USXOC-,,,,TRUE,
S-G-USXOM-,10161100,10341,,,,
S-G-USXOMC,S-G-USXOMC,,,,TRUE,
S-G-USXOMT,S-G-USXOMT,,,,TRUE,
S-G-USXOT-,S-G-USXOT-,,,,TRUE,
S-G-USXR--,S-G-USXR--,,,,,
S-G-USXRC-,S-G-USXRC-,,,,TRUE,
S-G-USXRT-,S-G-USXRT-,,,,TRUE,
S-G-USXT--,10161100,,,10XXXX98,,
S-G-UU----,S-G-UU----,,,,,
S-G-UUA---,10140100,,,,,
S-G-UUAB--,10140100,10041,,,,
S-G-UUABR-,10140105,10041,,,TRUE,
S-G-UUAC--,10140100,10071,,,,
S-G-UUACC-,S-G-UUACC-,,,,,
S-G-UUACCK,S-G-UUACCK,,,,,
S-G-UUACCM,S-G-UUACCM,,,,TRUE,
S-G-UUACR-,10140103,10071,,,TRUE,
S-G-UUACRS,S-G-UUACRS,,,,TRUE,
S-G-UUACRW,10140104,,10512,,TRUE,
S-G-UUACS-,10140100,10601,,,,
S-G-UUACSA,10140101,10601,,,,
S-G-UUACSM,10140102,10601,,,TRUE,
S-G-UUAD--,10140100,10151,,,,
S-G-UUAN--,10140100,10481,,,,
S-G-UUE---,10140800,,,,,
S-G-UUI---,S-G-UUI---,,,,,
S-G-UUL---,S-G-UUL---,,,,,
S-G-UULC--,10200700,,,,,
S-G-UULD--,10140300,,,,,
S-G-UULF--,10141900,,,,,
S-G-UULM--,10141200,,,,,
S-G-UULS--,10142000,,,,,
S-G-UUM---,10151000,,,,,
S-G-UUMA--,10151000,10011,,,,
S-G-UUMC--,10150200,,,,,
S-G-UUMJ--,10150900,,,,,
S-G-UUMMO-,10151000,10321,,,,
S-G-UUMO--,10151000,10491,,,,
S-G-UUMQ--,10150700,,,,,
S-G-UUMR--,10151000,,,,,
S-G-UUMRG-,10151000,10501,,,,
S-G-UUMRS-,S-G-UUMRS-,,,,TRUE,
S-G-UUMRSS,S-G-UUMRSS,,,,TRUE,
S-G-UUMRX-,10151000,10281,,,,
S-G-UUMS--,10151000,10571,,,,
S-G-UUMSE-,10150500,,,,,
S-G-UUMSEA,S-G-UUMSEA,,,,TRUE,
S-G-UUMSEC,10150500,,,10XXXX97,,
S-G-UUMSED,10150502,,,,,
S-G-UUMSEI,10150503,,,,,
S-G-UUMSEJ,S-G-UUMSEJ,,,,TRUE,
S-G-UUMSET,10150500,,,10XXXX98,,
S-G-UUMT--,10151000,10661,,,,
S-G-UUP---,10120300,10291,,,TRUE,
S-G-UUS---,10111000,,,,TRUE,
S-G-UUSA--,10111000,10021,,,TRUE,
S-G-UUSC--,10111000,10111,,,TRUE,
S-G-UUSCL-,S-G-UUSCL-,,,,TRUE,
S-G-UUSF--,10111000,10271,,,TRUE,
S-G-UUSM--,10111000,10361,,,TRUE,
S-G-UUSML-,10111000,10301,,,TRUE,
S-G-UUSMN-,10111000,10471,,,TRUE,
S-G-UUSMS-,S-G-UUSMS-,,,,TRUE,
S-G-UUSO--,10111000,10491,,,TRUE,
S-G-UUSR--,10111001,,,,TRUE,
S-G-UUSRS-,10111004,,,,TRUE,
S-G-UUSRT-,10111003,,,,TRUE,
S-G-UUSRW-,S-G-UUSRW-,,,,TRUE,
S-G-UUSS--,10111000,10771,,,TRUE,
S-G-UUSW--,S-G-UUSW--,,,,TRUE,
S-G-UUSX--,S-G-UUSX--,,,,,
S-P-L-----,05111900,,,,,
S-P-S-----,S-P-S-----,,,,,
S-P-T-----,S-P-T-----,,,,,
S-P-V-----,S-P-V-----,,,,,
S-S-C-----,30120000,,,,,
S-S-CA----,30120300,,,,,
S-S-CALA--,30120302,,,,,
S-S-CALC--,30120308,,,,,
S-S-CALS--,30120307,,,,,
S-S-CALSM-,30120307,,30042,,,
S-S-CALST-,30120307,,30072,,,
S-S-CD----,S-S-CD----,,,,,
S-S-CH----,S-S-CH----,,,,,
S-S-CL----,30120200,,,,,
S-S-CLBB--,30120201,,,,,
S-S-CLCC--,30120202,,,,,
S-S-CLCV--,30120100,,,,,
S-S-CLDD--,30120203,,,,,
S-S-CLFF--,30120204,,,,,
S-S-CLLL--,S-S-CLLL--,,,,,
S-S-CLLLAS,S-S-CLLLAS,,,,,
S-S-CLLLMI,S-S-CLLLMI,,,,,
S-S-CLLLSU,S-S-CLLLSU,,,,,
S-S-CM----,30120400,,,,,
S-S-CMMA--,S-S-CMMA--,,,,,
S-S-CMMH--,30120404,,,,,
S-S-CMML--,30120401,,,,,
S-S-CMMS--,30120402,,,,,
S-S-CP----,30120500,,,,,
S-S-CPSB--,30120501,,,,,
S-S-CPSU--,S-S-CPSU--,,,,,
S-S-CPSUG-,30120502,,,,,
S-S-CPSUM-,S-S-CPSUM-,,,,,
S-S-CPSUT-,S-S-CPSUT-,,,,,
S-S-CU----,30120700,,,,,
S-S-CUM---,30120700,30071,,,,
S-S-CUN---,30120700,30131,,,,
S-S-CUR---,30120700,30111,,,,C
S-S-CUS---,30120700,30031,,,,
S-S-G-----,30121000,,,,,
S-S-GC----,30121005,,,,,
S-S-GG----,S-S-GG----,,,,,
S-S-GT----,S-S-GT----,,,,,
S-S-GU----,S-S-GU----,,,,,
S-S-N-----,30130000,,,,,
S-S-NF----,30130112,,,,,
S-S-NH----,S-S-NH----,,,,,
S-S-NI----,S-S-NI----,,,,,
S-S-NM----,30130107,,,,,
S-S-NN----,S-S-NN----,,,,,B2
S-S-NNR---,S-S-NNR---,,,,,B2
S-S-NR----,30130111,,,,,
S-S-NS----,S-S-NS----,,,,,
S-S-O-----,S-S-O-----,,,,,
S-S-S-----,S-S-S-----,,,,,B2
S-S-SA----,S-S-SA----,,,,,B2
S-S-SP----,S-S-SP----,,,,,B2
S-S-XA----,30140500,,,,,C
S-S-XAR---,30140501,,,,,C
S-S-XAS---,30140502,,,,,C
S-S-XF----,30140200,,,,,
S-S-XFDF--,30140201,,,,,
S-S-XFDR--,30140203,,,,,
S-S-XFTR--,30140202,,,,,
S-S-XH----,S-S-XH----,,,,,
S-S-XL----,30140300,,,,,
S-S-XM----,30140100,,,,,
S-S-XMC---,S-S-XMC---,,,,,
S-S-XMF---,S-S-XMF---,,,,,
S-S-XMH---,30140113,,,,,
S-S-XMO---,S-S-XMO---,,,,,
S-S-XMP---,S-S-XMP---,,,,,
S-S-XMR---,S-S-XMR---,,,,,
S-S-XMTO--,30140112,,,,,
S-S-XMTU--,S-S-XMTU--,,,,,
S-S-XP----,30140600,,,,,C
S-S-XR----,30140400,,,,,
S-U-E-----,36200000,,,,,C
S-U-ND----,35120300,,,,,
S-U-S-----,35110100,,,,,
S-U-S1----,S-U-S1----,,,,,C
S-U-S2----,S-U-S2----,,,,,C
S-U-S3----,S-U-S3----,,,,,C
S-U-S4----,S-U-S4----,,,,,C
S-U-SB----,35110103,,,,,C
S-U-SC----,S-U-SC----,,,,,
S-U-SCA---,S-U-SCA---,,,,,
S-U-SCB---,S-U-SCB---,,,,,
S-U-SCF---,S-U-SCF---,,,,,
S-U-SCG---,S-U-SCG---,,,,,
S-U-SCM---,S-U-SCM---,,,,,
S-U-SF----,35110101,,,,,
S-U-SK----,35110102,,,,,C
S-U-SL----,S-U-SL----,,,,,C
S-U-SN----,S-U-SN----,,,,,
S-U-SNA---,S-U-SNA---,,,,,
S-U-SNB---,S-U-SNB---,,,,,
S-U-SNF---,S-U-SNF---,,,,,
S-U-SNG---,S-U-SNG---,,,,,
S-U-SNM---,S-U-SNM---,,,,,
S-U-SO----,S-U-SO----,,,,,
S-U-SOF---,S-U-SOF---,,,,,
S-U-SR----,S-U-SR----,,,,,C
S-U-SS----,S-U-SS----,,,,,B2
S-U-SSA---,S-U-SSA---,,,,,B2
S-U-SU----,35110400,,,,,
S-U-SUM---,S-U-SUM---,,,,,
S-U-SUN---,35110400,35071,,,,
S-U-SUS---,35110400,35011,,,,
S-U-SX----,S-U-SX----,,,,,C
S-U-V-----,36210000,,,,,C
S-U-W-----,35130000,,,,,
S-U-WD----,S-S-CD----,,,,,
S-U-WDM---,36130000,,,,,
S-U-WDMG--,36130100,,,,,C
S-U-WDMM--,36130200,,,,,C
S-U-WM----,36110000,,,,,
S-U-WMA---,36180000,,,,,C
S-U-WMB---,36170000,,,,,C
S-U-WMBD--,36170100,,,,,C
S-U-WMC---,S-U-WMC---,,,,,C
S-U-WMD---,36110900,,,,,
S-U-WME---,36150000,,,,,C
S-U-WMF---,36110300,,,,,
S-U-WMFC--,S-U-WMFC--,,,,,C
S-U-WMFD--,36110903,,,,,
S-U-WMFE--,36150300,,,,,C
S-U-WMFO--,36190300,,,,,C
S-U-WMFR--,36160300,,,,,C
S-U-WMFX--,36110803,,,,,C
S-U-WMG---,36110100,,,,,
S-U-WMGC--,S-U-WMGC--,,,,,C
S-U-WMGD--,36110901,,,,,
S-U-WMGE--,36150100,,,,,C
S-U-WMGO--,36190100,,,,,C
S-U-WMGR--,36160100,,,,,C
S-U-WMGX--,36110801,,,,,C
S-U-WMM---,36110200,,,,,
S-U-WMMC--,S-U-WMMC--,,,,,C
S-U-WMMD--,36110902,,,,,
S-U-WMME--,36150200,,,,,C
S-U-WMMO--,36190200,,,,,C
S-U-WMMR--,36160200,,,,,C
S-U-WMMX--,36110802,,,,,C
S-U-WMN---,36190000,,,,,C
S-U-WMO---,36110500,,,,,
S-U-WMOD--,36110905,,,,,
S-U-WMR---,36160000,,,,,C
S-U-WMS---,36110400,,,,,C
S-U-WMSD--,36110904,,,,,C
S-U-WMSX--,36110804,,,,,C
S-U-WMX---,36110800,,,,,C
S-U-WT----,35130100,,,,,
S-U-X-----,36120000,,,,,C
W---BAD---,45170900,,,,,
W---BAFF--,45171000,,,,,
W---BAFG--,45170800,,,,,
W---BAFP--,45170600,,,,,
W---BAI---,45170400,,,,,
W---BAIF--,45170100,,,,,
W---BALPC-,45170501,,,,,
W---BALPNC,45170500,,,,,
W---BAMV--,45170200,,,,,
W---BAT---,45170700,,,,,
W---BATB--,45170300,,,,,
W---BSF---,46130201,,,,,
W---BSG---,46130202,,,,,
W---BSM---,46130203,,,,,
W---BST---,46130204,,,,,
W---GMBCA-,46140129,,,,,
W---GMBCB-,46140130,,,,,
W---GMBCC-,46140131,,,,,
W---GMBTA-,46140132,,,,,
W---GMBTB-,46140133,,,,,
W---GMBTC-,46140134,,,,,
W---GMBTD-,46140135,,,,,
W---GMBTE-,46140136,,,,,
W---GMBTF-,46140137,,,,,
W---GMBTG-,46140138,,,,,
W---GMBTH-,46140139,,,,,
W---GMBTI-,46140140,,,,,
W---GMCH--,46140123,,,,,
W---GMCL--,46140121,,,,,
W---GMCM--,46140122,,,,,
W---GMIBA-,46140124,,,,,
W---GMIBB-,46140125,,,,,
W---GMIBC-,46140126,,,,,
W---GMIBD-,46140127,,,,,
W---GMIBE-,46140128,,,,,
W---GML---,46140116,,,,,
W---GMN---,46140117,,,,,
W---GMRM--,46140119,,,,,
W---GMRR--,46140120,,,,,
W---GMRS--,46140118,,,,,
W---GMSB--,46140112,,,,,
W---GMSC--,46140102,,,,,
W---GMS-CO,46140113,,,,,
W---GMSIC-,46140111,,,,,
W---GMSIF-,46140109,,,,,
W---GMSIM-,46140110,,,,,
W---GMSIVF,46140108,,,,,
W---GMS-PH,46140114,,,,,
W---GMSR--,46140101,,,,,
W---GMSSC-,46140104,,,,,
W---GMSSF-,46140106,,,,,
W---GMS-SH,46140115,,,,,
W---GMSSM-,46140105,,,,,
W---GMSSVF,46140107,,,,,
W---GMSSVS,46140103,,,,,
W---HABP--,46120405,,,,,
W---HALLA-,46120407,,,,,
W---HCB---,46120203,,,,,
W---HCC---,46120201,,,,,
W---HCF---,46120205,,,,,
W---HCF---,46120206,,,,,
W---HCI---,46120202,,,,,
W---HCW---,46120204,,,,,
W---HDDA--,46120104,,,,,
W---HDDC--,46120103,,,,,
W---HDDL--,46120102,,,,,
W---HHD---,46120503,,,,,
W---HHDB--,46120511,,,,,
W---HHDD--,46120514,,,,,
W---HHDF--,46120505,,,,,
W---HHDK--,46120506,,,,,
W---HHDK--,46120507,,,,,
W---HPBA--,46120305,,,,,
W---HPBA--,46120306,,,,,
W---HPBP--,46120308,,,,,
W---HPMD--,46120314,,,,,
W---HPMO--,46120316,,,,,
W---HPMO--,46120317,,,,,
W---HPMO--,46120318,,,,,
W---HPMRA-,46120319,,,,,
W---HPMRB-,46120320,,,,,
W---HPSPA-,46120326,,,,,
W---HPSPB-,46120327,,,,,
W---HPSPS-,46120328,,,,,
W---IDID--,46110304,,,,,
W---ILIEE-,46110505,,,,,
W---ILIEO-,46110504,,,,,
W---ILIER-,46110506,,,,,
W---ILOR--,46110503,,,,,
W---ILOV--,46110501,,,,,
W---ILUC--,46110502,,,,,
W---IOC---,46110601,,,,,
W---IOCS--,46110602,,,,,
W---IOL---,46110603,,,,,
W---IOLF--,46110604,,,,,
W---IPCO--,45180200,,,,,
W---IPFF--,45180700,,,,,
W---IPIB--,45180100,,,,,
W---IPID--,45180500,,,,,
W---IPIS--,45180300,,,,,
W---IPIT--,45180400,,,,,
W---IPTH--,45180600,,,,,
W---L-MA--,46150200,,,,,
W---L-ML--,46150100,,,,,
W---L-O---,46150600,,,,,
W---L-RA--,46150300,,,,,
W---L-SA--,46150400,,,,,
W---L-TA--,46150500,,,,,
W---MCA---,46160100,,,,,
W---MCC---,46160200,,,,,
W---MCD---,46160300,,,,,
W---MOA---,46160700,,,,,
W---MPA---,46160800,,,,,
W---OBVA--,46130101,,,,,
W---OBVB--,46130102,,,,,
W---OBVC--,46130103,,,,,
W---OBVD--,46130104,,,,,
W---OBVE--,46130105,,,,,
W---OBVF--,46130106,,,,,
W---OBVG--,46130107,,,,,
W---OBVH--,46130108,,,,,
W---OBVI--,46130109,,,,,
W---PFC---,45110301,,,,,
W---PFC-FG,45110303,,,,,
W---PFC-FY,45110304,,,,,
W---PFCU--,45110302,,,,,
W---PFO---,45110309,,,,,
W---PFO-FY,45110311,,,,,
W---PFOU--,45110310,,,,,
W---PFS---,45110312,,,,,
W---PFS-FG,45110314,,,,,
W---PFS-FY,45110315,,,,,
W---PFSU--,45110313,,,,,
W---PFW---,45110305,,,,,
W---PFW-FG,45110307,,,,,
W---PFW-FY,45110308,,,,,
W---PFWU--,45110306,,,,,
W---PXCV--,45110408,,,,,
W---PXIL--,45110405,,,,,
W---PXITCZ,45110407,,,,,
W---PXITD-,45110409,,,,,
W---PXR---,45110403,,,,,
W---PXSH--,45110406,,,,,
W---PXSQ--,45110404,,,,,
W---PXT---,45110402,,,,,
W-S-BFC-CB,46120608,,,,,
W-S-BFC-CL,46120603,,,,,
W-S-BFC-CO,46120610,,,,,
W-S-BFC-G-,46120606,,,,,
W-S-BFC-M-,46120602,,,,,
W-S-BFC-P-,46120607,,,,,
W-S-BFC-R-,46120609,,,,,
W-S-BFC-S-,46120601,,,,,
W-S-BFC-SH,46120611,,,,,
W-S-BFC-SI,46120604,,,,,
W-S-BFC-ST,46120605,,,,,
W-S-BFQ-C-,46120614,,,,,
W-S-BFQ-F-,46120612,,,,,
W-S-BFQ-M-,46120613,,,,,
W-S-CCCSBC,45150104,,,,,
W-S-CCCSCS,45150101,,,,,
W-S-CCCSFC,45150102,,,,,
W-S-CCCSOB,45150106,,,,,
W-S-CCCSOC,45150105,,,,,
W-S-CCCSSC,45150103,,,,,
W-S-GNDEWC,45190110,,,,,
W-S-GND-NC,45190101,,,,,
W-S-GNFL--,45190104,,,,,
W-S-GNFZ--,45190105,,,,,
W-S-GNG-TI,45190106,,,,,
W-S-GNLDMC,45190109,,,,,
W-S-GNLDN-,45190107,,,,,
W-S-GNLDTC,45190108,,,,,
W-S-GNM---,45190102,,,,,
W-S-GNW-SW,45190103,,,,,
W-S-GSI---,45190201,,,,,
W-S-GSSCCE,45190204,,,,,
W-S-GSSCCU,45190205,,,,,
W-S-GSSCH-,45190203,,,,,
W-S-GSSCL-,45190202,,,,,
W-S-GSSDC-,45190210,,,,,
W-S-GSSLCE,45190208,,,,,
W-S-GSSLCU,45190209,,,,,
W-S-GSSLH-,45190207,,,,,
W-S-GSSLL-,45190206,,,,,
W-S-HABA--,46120401,,,,,
W-S-HABB--,46120402,,,,,
W-S-HABM--,46120403,,,,,
W-S-HABP--,46120404,,,,,
W-S-HAL---,46120406,,,,,
W-S-HALH--,46120409,,,,,
W-S-HALV--,46120408,,,,,
W-S-HDS---,46120101,,,,TRUE,
W-S-HHDE--,46120513,,,,,
W-S-HHDF--,46120504,,,,,
W-S-HHDMDB,36110000,,,,,
W-S-HHDMDB,W-S-HHDMDB,,,,,
W-S-HHDMDF,36110000,,,,,
W-S-HHDMDF,W-S-HHDMDF,,,,,
W-S-HHDR--,46120512,,,,,
W-S-HHDS--,46120508,,,,,
W-S-HHDWA-,46120509,,,,,
W-S-HHDWB-,46120510,,,,,
W-S-HHRA--,46120502,,,,,
W-S-HHRS--,46120501,,,,,
W-S-HPBA--,46120304,,,,,
W-S-HPB-A-,46120303,,,,,
W-S-HPB-O-,46120302,,,,,
W-S-HPCP--,46120307,,,,,
W-S-HPD---,46120324,,,,,
W-S-HPFF--,46120312,,,,,
W-S-HPFH--,46120309,,,,,
W-S-HPFS--,46120310,,,,,
W-S-HPFS--,46120311,,,,,
W-S-HPM-CC,46120323,,,,,
W-S-HPM-FC,46120322,,,,,
W-S-HPML--,46120315,,,,,
W-S-HPM-R-,46120321,,,,,
W-S-IB----,46110103,,,,,
W-S-IBBB--,46110105,,,,,
W-S-IBBBM-,46110106,,,,,
W-S-IBBS--,46110102,,,,,
W-S-IBF---,46110109,,,,,
W-S-IBG---,46110103,,,,,
W-S-IBGL--,46110107,,,,,
W-S-IBGLM-,46110108,,,,,
W-S-IBII--,46110110,,,,,
W-S-IBM---,46110101,,,,,
W-S-IBMG--,46110104,,,,,
W-S-ICIF--,46110203,,,,,
W-S-ICL---,45130101,,,,,
W-S-ICM---,45130102,,,,,
W-S-ICS---,45130103,,,,,
W-S-ICWB--,46110201,,,,,
W-S-ICWR--,46110202,,,,,
W-S-IDC---,46110301,,,,,
W-S-IDD---,46110302,,,,,
W-S-IDS---,46110303,,,,,
W-S-II----,46110400,,,,,
W-S-IIP---,46110403,,,,,
W-S-IITE--,46110402,,,,,
W-S-IITM--,46110401,,,,,
W-S-IML---,45130301,,,,,
W-S-IMM---,45130202,,,,,
W-S-IMS---,45130203,,,,,
W-S-IRL---,45130201,,,,,
W-S-IRM---,45130302,,,,,
W-S-IRS---,45130303,,,,,
W-S-ISC---,46110700,,,,,
W-S-ISS---,46110701,,,,,
W-S-ITBB--,46110803,,,,,
W-S-ITR---,46110802,,,,,
W-S-ITRH--,46110801,,,,,
W-S-MF----,46160400,,,,,
W-S-ML----,46160500,,,,,
W-S-MOA---,46160600,,,,,
W-S-MPA---,46160900,,,,,
W-S-PA----,45110201,,,,,
W-S-PC----,45110101,,,,,
W-S-PH----,45110200,,,,,
W-S-PHT---,45110202,,,,,
W-S-PL----,45110100,,,,,
W-S-PLT---,45110102,,,,,
W-S-TCCTD-,46120704,,,,,
W-S-TCCTG-,46120705,,,,,
W-S-TCCW--,46120701,,,,,
W-S-TE----,45120400,,,,,
W-S-TL----,45120100,,,,,
W-S-TM----,45120200,,,,,
W-S-T-MW--,45120500,,,,,
W-S-TS----,45120300,,,,,
W-S-WC----,45140100,,,,,
W-S-WP----,45140200,,,,TRUE,
W-S-WSBR--,45161600,,,,,
W-S-WSDB--,45161904,,,,,
W-S-WSDD--,45161903,,,,,
W-S-WSDFL-,45160501,,,,,
W-S-WSDFMH,45160502,,,,,
W-S-WSD-HC,45160406,,,,,
W-S-WSD-HI,45160405,,,,,
W-S-WSD-LC,45160402,,,,,
W-S-WSD-LI,45160401,,,,,
W-S-WSD-MC,45160404,,,,,
W-S-WSD-MI,45160403,,,,,
W-S-WSDSLM,45161901,,,,,
W-S-WSDSS-,45161902,,,,,
W-S-WSFGCS,45161502,,,,,
W-S-WSFGFO,45161507,,,,,
W-S-WSFGFV,45161506,,,,,
W-S-WSFGP-,45161503,,,,,
W-S-WSFGPS,45161501,,,,,
W-S-WSFGSO,45161505,,,,,
W-S-WSFGSV,45161504,,,,,
W-S-WSF-LV,45162300,,,,,
W-S-WSFU--,45161700,,,,,
W-S-WSGRL-,45161001,,,,,
W-S-WSGRMH,45161002,,,,,
W-S-WSHZ--,45161800,,,,,
W-S-WSIC--,45161100,,,,,
W-S-WSM-L-,45160601,,,,,
W-S-WSM-MH,45160602,,,,TRUE,
W-S-WSMSL-,45160603,,,,,
W-S-WSMSMH,45160604,,,,,
W-S-WSPLH-,45161203,,,,,
W-S-WSPLL-,45161201,,,,,
W-S-WSPLM-,45161202,,,,,
W-S-WSRFL-,45160201,,,,,
W-S-WSRFMH,45160202,,,,,
W-S-WSR-HC,45160106,,,,,
W-S-WSR-HI,45160105,,,,,
W-S-WSR-LC,45160102,,,,,
W-S-WSR-LI,45160101,,,,,
W-S-WSR-MC,45160104,,,,,
W-S-WSR-MI,45160103,,,,,
W-S-WSRSL-,45160301,,,,,
W-S-WSRSMH,45160302,,,,,
W-S-WSRST-,45160303,,,,,
W-S-WSSBH-,45160708,,,,,
W-S-WSSBLM,45160707,,,,,
W-S-WSSG--,45160800,,,,,
W-S-WSS-HC,45160706,,,,,
W-S-WSS-HI,45160705,,,,,
W-S-WSS-LC,45160702,,,,,
W-S-WSS-LI,45160701,,,,,
W-S-WSS-MC,45160704,,,,,
W-S-WSS-MI,45160703,,,,,
W-S-WSSSL-,45160901,,,,,
W-S-WSSSMH,45160902,,,,,
W-S-WST-FC,45161406,,,,,
W-S-WSTHH-,45161405,,,,,
W-S-WSTHR-,45161403,,,,,
W-S-WST-LG,45161408,,,,,
W-S-WST-LV,45162200,,,,,
W-S-WSTMH-,45161404,,,,,
W-S-WSTMR-,45161402,,,,,
W-S-WST-NP,45161401,,,,,
W-S-WSTSD-,45162001,,,,,
W-S-WSTSH-,45162003,,,,,
W-S-WST-SQ,45161407,,,,,
W-S-WSTSS-,45162002,,,,,
W-S-WSUKP-,45162400,,,,,
W-S-WSVA--,45162101,,,,,
W-S-WSVE--,40170106,,,,,
W-S-WSVE--,45162100,,,,,
W---TCCCFE,46120702,,,,,
W---TCCCFF,46120703,,,,,
W---WJ----,45140300,,,,,
W---WS----,45140400,,,,,
W---WSTSWA,45162004,,,,,
